<?xml version="1.0" encoding="utf-8"?>
<!--/1540609/39225/2.49/18/3/Integrated Circuit/-->
<quadcept_library>
  <setting unit="mil" />
  <textstyle name="Default" height="47.244094488189" strokewidth="7.8740157480315" charwidth="47.244094488189" />
  <textstyle name="Dimension" height="19.6850393700787" strokewidth="0" charwidth="19.6850393700787" />
  <textstyle name="H127W0635TH00762" height="50" strokewidth="3" charwidth="25" />
  <textstyle name="H15W15TH02" height="59.0551181102362" strokewidth="7.8740157480315" charwidth="59.0551181102362" />
  <padstyle name="r145_85" surface="True" plated="False" isvia="False" nopaste="False" nomask="True" complex="False" holesize="0">
    <padshape layer="TOP" shape="rectangle" width="33.464566929133" height="57.086614173228" />
    <padshape layer="TOP_SOLDER_MASK" shape="rectangle" width="41.338582677165" height="64.960629921259" />
    <padshape layer="TOP_SOLDER_PASTE" shape="rectangle" width="33.464566929133" height="57.086614173228" />
  </padstyle>
  <footprint name="SON110P970X1010X230-18N" originx="0" originy="0" pickpointx="0" pickpointy="0">
    <pcbpin number="1" name="1" style="r145_85" originx="-177.16535433071" originy="173.22834645669" rotation="90" />
    <pcbpin number="2" name="2" style="r145_85" originx="-177.16535433071" originy="129.92125984252" rotation="90" />
    <pcbpin number="3" name="3" style="r145_85" originx="-177.16535433071" originy="86.614173228345" rotation="90" />
    <pcbpin number="4" name="4" style="r145_85" originx="-177.16535433071" originy="43.307086614173" rotation="90" />
    <pcbpin number="5" name="5" style="r145_85" originx="-177.16535433071" originy="0" rotation="90" />
    <pcbpin number="6" name="6" style="r145_85" originx="-177.16535433071" originy="-43.307086614173" rotation="90" />
    <pcbpin number="7" name="7" style="r145_85" originx="-177.16535433071" originy="-86.614173228345" rotation="90" />
    <pcbpin number="8" name="8" style="r145_85" originx="-177.16535433071" originy="-129.92125984252" rotation="90" />
    <pcbpin number="9" name="9" style="r145_85" originx="-177.16535433071" originy="-173.22834645669" rotation="90" />
    <pcbpin number="10" name="10" style="r145_85" originx="177.16535433071" originy="-173.22834645669" rotation="90" />
    <pcbpin number="11" name="11" style="r145_85" originx="177.16535433071" originy="-129.92125984252" rotation="90" />
    <pcbpin number="12" name="12" style="r145_85" originx="177.16535433071" originy="-86.614173228345" rotation="90" />
    <pcbpin number="13" name="13" style="r145_85" originx="177.16535433071" originy="-43.307086614173" rotation="90" />
    <pcbpin number="14" name="14" style="r145_85" originx="177.16535433071" originy="0" rotation="90" />
    <pcbpin number="15" name="15" style="r145_85" originx="177.16535433071" originy="43.307086614173" rotation="90" />
    <pcbpin number="16" name="16" style="r145_85" originx="177.16535433071" originy="86.614173228345" rotation="90" />
    <pcbpin number="17" name="17" style="r145_85" originx="177.16535433071" originy="129.92125984252" rotation="90" />
    <pcbpin number="18" name="18" style="r145_85" originx="177.16535433071" originy="173.22834645669" rotation="90" />
    <line layer="TOP_PLACE_BOUND" originx="-215.55118110236" originy="208.66141732283" endx="215.55118110236" endy="208.66141732283" width="1.9685039370079" />
    <line layer="TOP_PLACE_BOUND" originx="215.55118110236" originy="208.66141732283" endx="215.55118110236" endy="-208.66141732283" width="1.9685039370079" />
    <line layer="TOP_PLACE_BOUND" originx="215.55118110236" originy="-208.66141732283" endx="-215.55118110236" endy="-208.66141732283" width="1.9685039370079" />
    <line layer="TOP_PLACE_BOUND" originx="-215.55118110236" originy="-208.66141732283" endx="-215.55118110236" endy="208.66141732283" width="1.9685039370079" />
    <line layer="TOP_ASSEMBLY" originx="-190.94488188976" originy="198.81889763779" endx="190.94488188976" endy="198.81889763779" width="3.9370078740157" />
    <line layer="TOP_ASSEMBLY" originx="190.94488188976" originy="198.81889763779" endx="190.94488188976" endy="-198.81889763779" width="3.9370078740157" />
    <line layer="TOP_ASSEMBLY" originx="190.94488188976" originy="-198.81889763779" endx="-190.94488188976" endy="-198.81889763779" width="3.9370078740157" />
    <line layer="TOP_ASSEMBLY" originx="-190.94488188976" originy="-198.81889763779" endx="-190.94488188976" endy="198.81889763779" width="3.9370078740157" />
    <line layer="TOP_ASSEMBLY" originx="-190.94488188976" originy="103.34645669291" endx="-95.472440944881" endy="198.81889763779" width="3.9370078740157" />
    <line layer="TOP_SILKSCREEN" originx="-134.84251968504" originy="198.81889763779" endx="134.84251968504" endy="198.81889763779" width="7.8740157480314" />
    <line layer="TOP_SILKSCREEN" originx="134.84251968504" originy="198.81889763779" endx="134.84251968504" endy="-198.81889763779" width="7.8740157480314" />
    <line layer="TOP_SILKSCREEN" originx="134.84251968504" originy="-198.81889763779" endx="-134.84251968504" endy="-198.81889763779" width="7.8740157480314" />
    <line layer="TOP_SILKSCREEN" originx="-134.84251968504" originy="-198.81889763779" endx="-134.84251968504" endy="198.81889763779" width="7.8740157480314" />
    <arc layer="TOP_SILKSCREEN" originx="-205.70866141732" originy="209.64566929134" startangle="180" sweepangle="180" radius="4.9212598425196" width="9.8425196850392" />
    <arc layer="TOP_SILKSCREEN" originx="-205.70866141732" originy="209.64566929134" startangle="180" sweepangle="-180" radius="4.9212598425196" width="9.8425196850392" />
  </footprint>
  <symbol name="TESEO-LIV3F" originx="0" originy="0">
    <line originx="200" originy="100" endx="1400" endy="100" width="0" />
    <line originx="1400" originy="-900" endx="1400" endy="100" width="0" />
    <line originx="1400" originy="-900" endx="200" endy="-900" width="0" />
    <line originx="200" originy="100" endx="200" endy="-900" width="0" />
    <sympin number="1" originx="200" originy="0" rotation="180" length="100" width="7.8740157480315" flipped="False">
      <text name="pinname" originx="230" originy="0" style="Default" rotation="0" justify="left" flipped="False" hidden="False" data="GND" />
      <text name="pindes" originx="140" originy="20" style="Default" rotation="0" justify="lowerright" flipped="False" hidden="False" data="1" />
    </sympin>
    <sympin number="2" originx="200" originy="-100" rotation="180" length="100" width="7.8740157480315" flipped="False">
      <text name="pinname" originx="230" originy="-100" style="Default" rotation="0" justify="left" flipped="False" hidden="False" data="TX" />
      <text name="pindes" originx="140" originy="-80" style="Default" rotation="0" justify="lowerright" flipped="False" hidden="False" data="2" />
    </sympin>
    <sympin number="3" originx="200" originy="-200" rotation="180" length="100" width="7.8740157480315" flipped="False">
      <text name="pinname" originx="230" originy="-200" style="Default" rotation="0" justify="left" flipped="False" hidden="False" data="RX" />
      <text name="pindes" originx="140" originy="-180" style="Default" rotation="0" justify="lowerright" flipped="False" hidden="False" data="3" />
    </sympin>
    <sympin number="4" originx="200" originy="-300" rotation="180" length="100" width="7.8740157480315" flipped="False">
      <text name="pinname" originx="230" originy="-300" style="Default" rotation="0" justify="left" flipped="False" hidden="False" data="1PPS" />
      <text name="pindes" originx="140" originy="-280" style="Default" rotation="0" justify="lowerright" flipped="False" hidden="False" data="4" />
    </sympin>
    <sympin number="5" originx="200" originy="-400" rotation="180" length="100" width="7.8740157480315" flipped="False">
      <text name="pinname" originx="230" originy="-400" style="Default" rotation="0" justify="left" flipped="False" hidden="False" data="WAKE-UP" />
      <text name="pindes" originx="140" originy="-380" style="Default" rotation="0" justify="lowerright" flipped="False" hidden="False" data="5" />
    </sympin>
    <sympin number="6" originx="200" originy="-500" rotation="180" length="100" width="7.8740157480315" flipped="False">
      <text name="pinname" originx="230" originy="-500" style="Default" rotation="0" justify="left" flipped="False" hidden="False" data="VBATT" />
      <text name="pindes" originx="140" originy="-480" style="Default" rotation="0" justify="lowerright" flipped="False" hidden="False" data="6" />
    </sympin>
    <sympin number="7" originx="200" originy="-600" rotation="180" length="100" width="7.8740157480315" flipped="False">
      <text name="pinname" originx="230" originy="-600" style="Default" rotation="0" justify="left" flipped="False" hidden="False" data="VCC_IO" />
      <text name="pindes" originx="140" originy="-580" style="Default" rotation="0" justify="lowerright" flipped="False" hidden="False" data="7" />
    </sympin>
    <sympin number="8" originx="200" originy="-700" rotation="180" length="100" width="7.8740157480315" flipped="False">
      <text name="pinname" originx="230" originy="-700" style="Default" rotation="0" justify="left" flipped="False" hidden="False" data="VCC" />
      <text name="pindes" originx="140" originy="-680" style="Default" rotation="0" justify="lowerright" flipped="False" hidden="False" data="8" />
    </sympin>
    <sympin number="9" originx="200" originy="-800" rotation="180" length="100" width="7.8740157480315" flipped="False">
      <text name="pinname" originx="230" originy="-800" style="Default" rotation="0" justify="left" flipped="False" hidden="False" data="SYS_RSTN" />
      <text name="pindes" originx="140" originy="-780" style="Default" rotation="0" justify="lowerright" flipped="False" hidden="False" data="9" />
    </sympin>
    <sympin number="18" originx="1400" originy="0" rotation="0" length="100" width="7.8740157480315" flipped="False">
      <text name="pinname" originx="1370" originy="0" style="Default" rotation="0" justify="right" flipped="False" hidden="False" data="RESERVED_2" />
      <text name="pindes" originx="1460" originy="20" style="Default" rotation="0" justify="lowerleft" flipped="False" hidden="False" data="18" />
    </sympin>
    <sympin number="17" originx="1400" originy="-100" rotation="0" length="100" width="7.8740157480315" flipped="False">
      <text name="pinname" originx="1370" originy="-100" style="Default" rotation="0" justify="right" flipped="False" hidden="False" data="SCL" />
      <text name="pindes" originx="1460" originy="-80" style="Default" rotation="0" justify="lowerleft" flipped="False" hidden="False" data="17" />
    </sympin>
    <sympin number="16" originx="1400" originy="-200" rotation="0" length="100" width="7.8740157480315" flipped="False">
      <text name="pinname" originx="1370" originy="-200" style="Default" rotation="0" justify="right" flipped="False" hidden="False" data="SDA" />
      <text name="pindes" originx="1460" originy="-180" style="Default" rotation="0" justify="lowerleft" flipped="False" hidden="False" data="16" />
    </sympin>
    <sympin number="15" originx="1400" originy="-300" rotation="0" length="100" width="7.8740157480315" flipped="False">
      <text name="pinname" originx="1370" originy="-300" style="Default" rotation="0" justify="right" flipped="False" hidden="False" data="RESERVED_1" />
      <text name="pindes" originx="1460" originy="-280" style="Default" rotation="0" justify="lowerleft" flipped="False" hidden="False" data="15" />
    </sympin>
    <sympin number="14" originx="1400" originy="-400" rotation="0" length="100" width="7.8740157480315" flipped="False">
      <text name="pinname" originx="1370" originy="-400" style="Default" rotation="0" justify="right" flipped="False" hidden="False" data="VCC_RF" />
      <text name="pindes" originx="1460" originy="-380" style="Default" rotation="0" justify="lowerleft" flipped="False" hidden="False" data="14" />
    </sympin>
    <sympin number="13" originx="1400" originy="-500" rotation="0" length="100" width="7.8740157480315" flipped="False">
      <text name="pinname" originx="1370" originy="-500" style="Default" rotation="0" justify="right" flipped="False" hidden="False" data="ANT_OFF" />
      <text name="pindes" originx="1460" originy="-480" style="Default" rotation="0" justify="lowerleft" flipped="False" hidden="False" data="13" />
    </sympin>
    <sympin number="12" originx="1400" originy="-600" rotation="0" length="100" width="7.8740157480315" flipped="False">
      <text name="pinname" originx="1370" originy="-600" style="Default" rotation="0" justify="right" flipped="False" hidden="False" data="GND_RF_2" />
      <text name="pindes" originx="1460" originy="-580" style="Default" rotation="0" justify="lowerleft" flipped="False" hidden="False" data="12" />
    </sympin>
    <sympin number="11" originx="1400" originy="-700" rotation="0" length="100" width="7.8740157480315" flipped="False">
      <text name="pinname" originx="1370" originy="-700" style="Default" rotation="0" justify="right" flipped="False" hidden="False" data="RF_IN" />
      <text name="pindes" originx="1460" originy="-680" style="Default" rotation="0" justify="lowerleft" flipped="False" hidden="False" data="11" />
    </sympin>
    <sympin number="10" originx="1400" originy="-800" rotation="0" length="100" width="7.8740157480315" flipped="False">
      <text name="pinname" originx="1370" originy="-800" style="Default" rotation="0" justify="right" flipped="False" hidden="False" data="GND_RF_1" />
      <text name="pindes" originx="1460" originy="-780" style="Default" rotation="0" justify="lowerleft" flipped="False" hidden="False" data="10" />
    </sympin>
  </symbol>
  <component name="TESEO-LIV3F" designatorprefix="IC" height="90.551181102361" footprint="SON110P970X1010X230-18N">
    <comppin designator="1" sympin="1" pinswap="0" gateswap="0" gate="1" group="1" side="" type="Any" name="GND" />
    <comppin designator="2" sympin="2" pinswap="0" gateswap="0" gate="1" group="1" side="" type="Any" name="TX" />
    <comppin designator="3" sympin="3" pinswap="0" gateswap="0" gate="1" group="1" side="" type="Any" name="RX" />
    <comppin designator="4" sympin="4" pinswap="0" gateswap="0" gate="1" group="1" side="" type="Any" name="1PPS" />
    <comppin designator="5" sympin="5" pinswap="0" gateswap="0" gate="1" group="1" side="" type="Any" name="WAKE-UP" />
    <comppin designator="6" sympin="6" pinswap="0" gateswap="0" gate="1" group="1" side="" type="Any" name="VBATT" />
    <comppin designator="7" sympin="7" pinswap="0" gateswap="0" gate="1" group="1" side="" type="Any" name="VCC_IO" />
    <comppin designator="8" sympin="8" pinswap="0" gateswap="0" gate="1" group="1" side="" type="Any" name="VCC" />
    <comppin designator="9" sympin="9" pinswap="0" gateswap="0" gate="1" group="1" side="" type="Any" name="SYS_RSTN" />
    <comppin designator="10" sympin="10" pinswap="0" gateswap="0" gate="1" group="1" side="" type="Any" name="GND_RF_1" />
    <comppin designator="11" sympin="11" pinswap="0" gateswap="0" gate="1" group="1" side="" type="Any" name="RF_IN" />
    <comppin designator="12" sympin="12" pinswap="0" gateswap="0" gate="1" group="1" side="" type="Any" name="GND_RF_2" />
    <comppin designator="13" sympin="13" pinswap="0" gateswap="0" gate="1" group="1" side="" type="Any" name="ANT_OFF" />
    <comppin designator="14" sympin="14" pinswap="0" gateswap="0" gate="1" group="1" side="" type="Any" name="VCC_RF" />
    <comppin designator="15" sympin="15" pinswap="0" gateswap="0" gate="1" group="1" side="" type="Any" name="RESERVED_1" />
    <comppin designator="16" sympin="16" pinswap="0" gateswap="0" gate="1" group="1" side="" type="Any" name="SDA" />
    <comppin designator="17" sympin="17" pinswap="0" gateswap="0" gate="1" group="1" side="" type="Any" name="SCL" />
    <comppin designator="18" sympin="18" pinswap="0" gateswap="0" gate="1" group="1" side="" type="Any" name="RESERVED_2" />
    <attached_symbol gate="1" name="TESEO-LIV3F" />
    <pinmap designator="1" footprintpin="1" />
    <pinmap designator="2" footprintpin="2" />
    <pinmap designator="3" footprintpin="3" />
    <pinmap designator="4" footprintpin="4" />
    <pinmap designator="5" footprintpin="5" />
    <pinmap designator="6" footprintpin="6" />
    <pinmap designator="7" footprintpin="7" />
    <pinmap designator="8" footprintpin="8" />
    <pinmap designator="9" footprintpin="9" />
    <pinmap designator="10" footprintpin="10" />
    <pinmap designator="11" footprintpin="11" />
    <pinmap designator="12" footprintpin="12" />
    <pinmap designator="13" footprintpin="13" />
    <pinmap designator="14" footprintpin="14" />
    <pinmap designator="15" footprintpin="15" />
    <pinmap designator="16" footprintpin="16" />
    <pinmap designator="17" footprintpin="17" />
    <pinmap designator="18" footprintpin="18" />
    <text name="Datasheet" originx="0" originy="0" style="Default" rotation="0" justify="" flipped="False" hidden="True" data="https://www.st.com/resource/en/datasheet/teseo-liv3f.pdf" />
    <text name="Description" originx="0" originy="0" style="Default" rotation="0" justify="" flipped="False" hidden="True" data="GPS Modules Tiny GNSS module" />
    <text name="Manufacturer_Name" originx="0" originy="0" style="Default" rotation="0" justify="" flipped="False" hidden="True" data="STMicroelectronics" />
    <text name="Manufacturer_Part_Number" originx="1450" originy="200" style="Default" rotation="0" justify="left" flipped="False" hidden="False" data="TESEO-LIV3F" />
    <text name="Mouser Part Number" originx="0" originy="0" style="Default" rotation="0" justify="" flipped="False" hidden="True" data="511-TESEO-LIV3F" />
    <text name="Mouser Price/Stock" originx="0" originy="0" style="Default" rotation="0" justify="" flipped="False" hidden="True" data="https://www.mouser.co.uk/ProductDetail/STMicroelectronics/TESEO-LIV3F?qs=HXFqYaX1Q2wXp9tn7dEmMw%3D%3D" />
    <text name="Arrow Part Number" originx="0" originy="0" style="Default" rotation="0" justify="" flipped="False" hidden="True" data="TESEO-LIV3F" />
    <text name="Arrow Price/Stock" originx="0" originy="0" style="Default" rotation="0" justify="" flipped="False" hidden="True" data="https://www.arrow.com/en/products/teseo-liv3f/stmicroelectronics" />
  </component>
</quadcept_library>
