Reference:,B2932550,,,
Date:,Tue May 25 2021 09:30:27 GMT+0100 (British Summer Time),,,
Generated by:,Eurocircuits PCBA Visualizer,,,
,,,,
Reference designators,Quantity,MPN,Manufacturer,Description
"R7, R9",2,GPR060310K,Generic part,"0603, Res 10.0kOhm, 50V, 1.0%, 100mW"
"R2, R4, R5",3,GPR060310K,Generic part,"0603, Res 10.0kOhm, 50V, 1.0%, 100mW"
"C17, C18",2,GPC0603120,Generic part,"0603, Cap 12.0pF, 50V, 5.0%, C0G"
"C13, C26",2,GPC0603105-25,Generic part,1µF ±20% 25V Ceramic Capacitor X5R 0603 (1608 Metric)
"C2, C4, C5, C7, C21, C25, C29, C31",8,GRM188R61A106KE69D,Murata,10µF ±10% 10V Ceramic Capacitor X5R 0603 (1608 Metric)
"C1, C3, C6, C8, C11, C12, C15, C22, C28, C30, C32",11,06033C104K4T2A,AVX,"0.1µF ±10% 25V Ceramic Capacitor X7R 0603 (1608 Metric), Automotive, AEC-Q200"
Q1,1,BSS138,Fairchild/ON Semiconductor,N-Channel 50V 220mA (Ta) 360mW (Ta) Surface Mount SOT-23-3
"R6, R8",2,YJP1608-R001,Susumu,0 Ohms Jumper Chip Resistor 0603 (1608 Metric) Thin Film
U7,1,ATSAMD21G18A-MF,Microchip Technology,ARM® Cortex®-M0+ SAM D21G Microcontroller IC 32-Bit 48MHz 256KB (256K x 8) FLASH 48-QFN (7x7)
C10,1,ZRB18AR6YA475ME05L,Murata,4.7µF ±20% 35V Ceramic Capacitor X5R 0603 (1608 Metric)
C27,1,C0603X104K5RAC7867,Kemet,0.1µF ±10% 50V Ceramic Capacitor X7R 0603 (1608 Metric)
U3,1,LIS3DH,STMicroelectronics,"Accelerometer X, Y, Z Axis ±2g, 4g, 8g, 16g 0.5Hz ~ 625Hz 16-LGA (3x3)"
"AE2, AE3",2,1661,Adafruit Industries,Adafruit Accessories uFL SMIT Antenna Connector
AE1,1,1661,Adafruit Industries,Adafruit Accessories uFL SMIT Antenna Connector
"J1, J2",0,not placed,/,/
L1,1,0603DC-5N6XJRW,Coilcraft,Fixed Inductors 0603 5.6nH 1350mA 5% DCR=.046OhmsAEC-Q200
U6,1,NRF52810-QFAA-R7,Nordic Semiconductor,IC RF TxRx + MCU Bluetooth Bluetooth v4.0 2.4GHz 48-VFQFN Exposed Pad
Y2,1,MCRJ232000F12300H3H,Multicomp,"CRYSTAL, 32KHZ, 12.5PF, CYLINDER"
U9,1,ATECC608B-SSHDA,Microchip Technology,Authentication Chip 8-SOIC
"C16, C19, C23, C24",,not placed,/,/
PZ1,1,ABI-017-RC,Multicomp,"Transducer, Buzzer, SMD, Buzzer, 4 VDC, 7 VDC, 30 mA, 88 dB"
U5,1,DS28CM00R-A00+T,Maxim Integrated,"Silicon Serial Number IC PCB, Network Node, Equipment Identification/Registration SOT-23-5"
U4,1,G3VM-61HR2(TR05),Omron,"Solid State SPST-NO (1 Form A) 6-SOP (0.173"", 4.40mm)"
U2,1,R-783.3-1.0,Recom Power,Linear Regulator Replacement DC DC Converter 1 Output 3.3V 1A 4.75V - 18V Input
U1,1,INA219BIDR,Texas Instruments,Current Monitor Regulator High-Side 10mA 8-SOIC
Y1,1,ABM8-17.2032MHZ-22-R40-D4,Abracon,https://abracon.com/Resonators/abm8.pdf
U8,1,CMWX1ZZABZ-078,Murata,RF Modules Type ABZ LoRa Module MCU - STM32L082
C9,1,C0603C124K4RACTU,Kemet,0.12µF ±10% 16V Ceramic Capacitor X7R 0603 (1608 Metric)
R3,1,MCSR06X2200FTL,Multicomp,"SMD Chip Resistor, Ceramic, 220 ohm, 75 V, 0603 [1608 Metric], 100 mW, ± 1%, MCSR 06 Series"
"C33, C34",2,CC0603JRNPO9BN200,Yageo,"20pF ±5% 50V Ceramic Capacitor C0G, NP0 0603 (1608 Metric)"
R1,1,PT2512JK-7W0R1L,Yageo,"100 mOhms ±5% 2W Chip Resistor 2512 (6432 Metric) Automotive AEC-Q200, Current Sense, Moisture Resistant Thick Film"
BT1,1,3012TR,Keystone Electronics,"Battery Retainer Coin, 16.0mm 1 Cell SMD (SMT) Tab"
MOD2,1,TESEO-LIV3R,ST Microelectronics,"series RF Receiver BeiDou, GLONASS, GNSS, GPS 1.561GHz, 1.575MHz -163dBm - - 18-LCC (9.7x10.1)"
C14,1,MCSH18B101K160CT,Multicomp,"SMD Multilayer Ceramic Capacitor, 0603 [1608 Metric], 100 pF, 16 V, ± 10%, X7R, MCSH Series"
